time_s,current_A,voltage_V,soc,temp_surface_C,temp_core_C,temp_ambient_C,heat_generation_W,power_W
0.0,0.0,3.9000000000000026,0.9,25.0,25.0,50.0,0.0,0.0
1.0,0.0,3.9000000000000026,0.9,25.10964722402099,25.000609163179433,50.0,0.0,0.0
2.0,0.0,3.8999519952305004,0.9000159734327376,25.216436173428747,25.002383706583714,50.0,0.0,0.0
3.0,0.0,3.8998956246587535,0.9000349409360915,25.320466647329056,25.00530125512779,50.0,0.0,0.0
4.0,-0.5562898704195288,3.90060873029502,0.9000067801987522,25.42183575061415,25.00937505103093,50.0,0.00033485874105044177,-2.1698691251330997
5.0,-1.5111788507496862,3.9020125337466403,0.8998982831295292,25.520639055862205,25.01462832336074,50.0,0.0031950108177589446,-5.896638816358119
6.0,-2.7516765736976523,3.904025476057069,0.8996935519322737,25.616970603337165,25.02109428803317,50.0,0.011920054133229205,-10.742615445585061
7.0,-3.640532032885359,3.905921998622471,0.8993939991058785,25.710922900988862,25.02881614781279,50.0,0.023765391350806436,-14.21963415393671
8.0,-4.277424799967794,3.907753905693408,0.8990183474442781,25.80258692445318,25.037847092312518,50.0,0.03736569349638133,-16.715123468383993
9.0,-4.7337784090603385,3.9094990881422644,0.8985991010764317,25.892052153093516,25.04824905153282,50.0,0.05159812343126383,-18.50670237368893
10.0,-5.060770058668498,3.911182474048248,0.8981467552664887,25.979407395123758,25.06001166412642,50.0,0.06597077530393684,-19.793595158652355
11.0,-5.295069813908918,3.912825345765221,0.8976676828930436,26.064736808181294,25.073073276563548,50.0,0.08026088312386305,-20.718683375459147
12.0,-5.462952924598454,3.9144343296904247,0.8971691983864221,26.148120798461036,25.08738875843295,50.0,0.09431859955076423,-21.384370469530896
13.0,-5.583246429924031,3.916012397955565,0.8966571268931909,26.229637141859598,25.10291434096041,50.0,0.10806524805920102,-21.864062240423657
14.0,-5.669440492948483,3.9175612479008017,0.8961358042761574,26.309360983975466,25.11960761700857,50.0,0.12147027766493117,-22.210380372454594
15.0,-5.7312012378910735,3.91908300704236,0.8956080771143696,26.387364840109058,25.13742754107699,50.0,0.13453954746269198,-22.461053381359044
16.0,-5.775454745406801,3.920588826187986,0.8950727879528001,26.46371859526255,25.15633442930215,50.0,0.14736672410937227,-22.643183340996284
17.0,-5.807163769144533,3.922096391161754,0.8945257280231107,26.53848950413999,25.176289959457563,50.0,0.16010735607000331,-22.77625606184706
18.0,-5.829884277480345,3.923570293397301,0.8939801168155254,26.611742191147243,25.197257170953435,50.0,0.17250730522194543,-22.87396076506587
19.0,-5.846164233095107,3.92497665280436,0.8934483607162076,26.683537287890545,25.218994081734706,50.0,0.1843195735363173,-22.9460581233582
20.0,-5.0349433677399205,3.925361663462143,0.892940150900585,26.753919377551142,25.240645376689884,50.0,0.16324047964390126,-19.76397367342926
21.0,-4.218491395791481,3.9256318329860256,0.8924624633333507,26.822926218359555,25.262310436131088,50.0,0.1399247004836259,-16.560244110496686
22.0,-3.3982911721800257,3.9257769228465205,0.8920195587684621,26.890596646465212,25.284174386740915,50.0,0.11471735234252393,-13.340933060857397
23.0,-3.3982911721800257,3.9267218939140105,0.8916129827491415,26.95697050954078,25.306384799541718,50.0,0.11931030287641961,-13.344144347694014
24.0,-3.3982911721800257,3.927547032120974,0.8912415656078763,27.022088666782224,25.329051689895437,50.0,0.12337654635332929,-13.346948407578566
25.0,-3.3982911721800257,3.928265269697637,0.8909014224664182,27.08599298890863,25.352247517503656,50.0,0.12697323220452555,-13.349389187994866
26.0,-3.3982911721800257,3.928897819519966,0.8905859532357844,27.148726358162378,25.376007186407662,50.0,0.13019487698326795,-13.351538776472053
27.0,-3.3982911721800257,3.9294741751096653,0.8902858426162561,27.210332668309093,25.400328044988214,50.0,0.1331733643648,-13.353497400584564
28.0,-3.3982911721800257,3.93003211063418,0.8899890600973798,27.27085682463769,25.425169885965886,50.0,0.1360779451463582,-13.355393427952167
29.0,-3.3982911721800257,3.930616339790761,0.8896812863178257,27.330343372419577,25.45046642144598,50.0,0.13910923084978521,-13.357378808737508
30.0,-3.3982911721800257,3.931213547463105,0.8893666297278091,27.38882582905069,25.476226972781035,50.0,0.14220801112279197,-13.359408294298392
31.0,-3.3982911721800257,3.931802088560661,0.8890519731377924,27.446339364093035,25.502447495061176,50.0,0.14527733985120345,-13.361408328314681
32.0,-3.3982911721800257,3.9323820473075357,0.8887373165477758,27.502919347234638,25.529111534890262,50.0,0.1483175032530583,-13.363379197004415
33.0,-3.3982911721800257,3.932953507115037,0.888422659957759,27.558599863455072,25.556201348728678,50.0,0.15132878478426698,-13.365321183823502
34.0,-3.3982911721800257,3.9335165505816687,0.8881080033677424,27.61341371302558,25.58369790289339,50.0,0.15431146513859656,-13.36723456946571
35.0,-3.3982911721800257,3.934071259493136,0.8877933467777257,27.667392411509184,25.611580873557898,50.0,0.15726582224768892,-13.36911963186268
36.0,-3.3982911721800257,3.9346177148223447,0.8874786901877091,27.72056618976052,25.639828646752278,50.0,0.16019213128105023,-13.37097664618392
37.0,-3.3982911721800257,3.9350422570528827,0.8872014347709595,27.772963993925828,25.668418318363194,50.0,0.16257704403048445,-13.372419364298175
38.0,-1.3878316032635187,3.9328928204533984,0.8870239467059302,27.824593450071347,25.695279604516543,50.0,0.0636582725928376,-5.458192948473422
39.0,0.6226279656529883,3.9303793869720187,0.886966138547509,27.875420454098617,25.7191943330983,50.0,-0.0270303025489388,2.447164121954827
40.0,2.6330875345694955,3.9274994620934973,0.8870302155422346,27.92542202084178,25.74141363818154,50.0,-0.10655906862754268,10.341449875666786
41.0,2.6330875345694955,3.9265696001454047,0.8872006921049708,27.974589568547856,25.762902555182052,50.0,-0.1036617810108726,10.339001467762394
42.0,2.6330875345694955,3.925428040495625,0.8874443918189077,28.022928916758588,25.784339483726114,50.0,-0.10001427184812567,10.335995641278592
43.0,2.6330875345694955,3.924232071354863,0.8877104474355608,28.070460286310265,25.806116187650787,50.0,-0.09616463268414227,10.332846549842321
44.0,2.6330875345694955,3.923065703083015,0.8879717537659786,28.1172182993339,25.828337795003733,50.0,-0.09240544048549625,10.329775400085001
45.0,2.6330875345694955,3.9218578274574214,0.8882514076059477,28.16324248190756,25.850766117383102,50.0,-0.08848864519241757,10.32659495783194
46.0,2.6330875345694955,3.920749686848003,0.8885025170798896,28.208550791145854,25.873476860412552,50.0,-0.08490962074155947,10.32367712660673
47.0,1.7553916897129964,3.9208274899054087,0.8886926483749049,28.253179352469544,25.89715888024756,50.0,-0.05640923377288621,6.882587992578222
48.0,0.8776958448564974,3.921144630138246,0.8888072041392238,28.29716668878899,25.92211781517102,50.0,-0.02838242443269404,3.441572348953706
49.0,-1.4802973661668755e-15,3.921689175564542,0.8888494234822057,28.340551817775633,25.948231760948886,50.0,4.861259851305255e-17,-5.805266157513337e-15
50.0,-1.4802973661668755e-15,3.9214055422774377,0.8888403819743396,28.383374231245796,25.974952304674503,50.0,4.8206121025474564e-17,-5.8048462959054785e-15
51.0,-1.4802973661668755e-15,3.921161984096645,0.8888189916472431,28.42566203910212,26.00183525847973,50.0,4.7877246536801103e-17,-5.8044857573719436e-15
52.0,-1.4802973661668755e-15,3.920816385522701,0.8888317026207386,28.467427232352975,26.028853226109618,50.0,4.7346841857454566e-17,-5.803974168713183e-15
53.0,-1.4802973661668755e-15,3.9204176937329565,0.8888631974634468,28.508685432862706,26.05596913749514,50.0,4.67100377184739e-17,-5.8033839863069115e-15
54.0,-1.4802973661668755e-15,3.9200849261590958,0.8888740663157163,28.549454903215178,26.083286227692213,50.0,4.6201353621954656e-17,-5.80289139134378e-15
55.0,-0.4806256188356104,3.920447248662999,0.8888350949320729,28.589756546713545,26.111048036881698,50.0,0.015193610949651567,-1.8842673850010199
56.0,-1.3056345422308366,3.9214066645809313,0.8887274444845967,28.629614674039487,26.139661388752018,50.0,0.042667118570935414,-5.119923995411076
57.0,-2.377404886181898,3.922876750109085,0.8885426515629219,28.669065208535585,26.16954876413564,50.0,0.08162605364629366,-9.326266353598703
58.0,-3.145361895367273,3.9242286511926796,0.8882826281742365,28.70814593199441,26.200609209734466,50.0,0.1130632510921977,-12.343119268169964
59.0,-3.6956271376231977,3.925519118168139,0.887959661743283,28.74689039210631,26.232683009336483,50.0,0.13880574643806406,-14.507254982360859
60.0,-4.089909412820038,3.9267461727356903,0.8875962006366749,28.78532829759365,26.265621796155756,50.0,0.1601198393993949,-16.06003613362676
61.0,-4.372425008202845,3.927905412686184,0.8872098167653318,28.823485518210816,26.299288552832365,50.0,0.17793844132803996,-17.174471856284388
62.0,-4.574856278020023,3.9290268560766446,0.8868022584514235,28.86138408474426,26.33355761143241,50.0,0.19317146553260103,-17.97473317903151
63.0,-4.719904621083241,3.930130273197372,0.8863751379298118,28.8990422307441,26.368322366341033,50.0,0.20652006514546736,-18.549840037923417
64.0,-4.823836300434887,3.9312260628903153,0.8859308321612739,28.936476273217068,26.403537090260556,50.0,0.21849677822731137,-18.963590987386024
65.0,-4.898306602850855,3.9323173083768346,0.8854724828325025,28.9737021269857,26.439165866826784,50.0,0.22946031827318752,-19.26169583612695
66.0,-4.951666906239796,3.9334012503226603,0.8850039963561055,29.0107342681016,26.475169018789643,50.0,0.23964708081905953,-19.476892800184956
67.0,-4.989901234359689,3.9344703423350547,0.8845300438706064,29.047585675550295,26.511504490580478,50.0,0.24919715695202996,-19.632618417769276
68.0,-5.017297327596343,3.935513007259587,0.8840560612404441,29.084267831250827,26.54812784831182,50.0,0.2581747977481019,-19.745638894044173
69.0,-5.036927486187806,3.9365141790904388,0.8835882490559728,29.120790720055993,26.58499227977751,50.0,0.2665840717226411,-19.827936468428657
70.0,-5.0509931094501175,3.937455691266117,0.8831335726334619,29.15716282975228,26.622048594452735,50.0,0.2743806469042622,-19.888061565350306
71.0,-4.609082301176627,3.937807162990738,0.8826997620150966,29.193388372461868,26.658883523268344,50.0,0.25399454650066094,-18.149677300387154
72.0,-4.162651899832565,3.9380545572118213,0.8822946444715865,29.229458841708094,26.694902169590648,50.0,0.23210910670262644,-16.39275028422208
73.0,-3.7129830685423855,3.9382159077290764,0.8819132096756745,29.265366538800265,26.73043516493425,50.0,0.20905096458552705,-14.622528985662342
74.0,-3.7129830685423855,3.938824377245065,0.881548219680722,29.301107557737055,26.76576223819319,50.0,0.21266540326756242,-14.624788222672931
75.0,-3.7129830685423855,3.9393873043450283,0.88119519136389,29.336681709857714,26.801080474581966,50.0,0.21606633022166197,-14.62687836146392
76.0,-3.7129830685423855,3.939916876994841,0.8808502543721987,29.372092523842127,26.836504315635068,50.0,0.21931336971384396,-14.628844655746237
77.0,-3.7129830685423855,3.9404233557681443,0.8805101511225258,29.40734724571081,26.872065559207215,50.0,0.2224567144312868,-14.630725202856087
78.0,-3.7129830685423855,3.9409150738463494,0.8801722368016084,29.442456569872434,26.907716586503682,50.0,0.225537125482344,-14.63255094375496
79.0,-3.7129830685423855,3.941398437018635,0.8798344793660415,29.477426126548664,26.943444928703627,50.0,0.22858593239653094,-14.634345663029613
80.0,-3.7129830685423855,3.9418779236819463,0.8794954595422789,29.51225996961068,26.979265196303288,50.0,0.23162503312452817,-14.636125988892081
81.0,-3.7129830685423855,3.942356084840999,0.8791543708266325,29.54696364948444,27.015174771388956,50.0,0.23466689403819124,-14.637901393179677
82.0,-3.7129830685423855,3.942833544108275,0.878811019485273,29.58154252664366,27.051171171270596,50.0,0.23771454993053598,-14.639674191354992
83.0,-3.7129830685423855,3.943308997704026,0.8784658245542294,29.616001771609888,27.08725204848224,50.0,0.24076160401574834,-14.641439542505893
84.0,-3.7129830685423855,3.943779214456271,0.8781198178393893,29.650346363861445,27.123415139824886,50.0,0.24379222792918268,-14.643185449345523
85.0,-3.7129830685423855,3.9442390358007975,0.8777746439164987,29.684581086056596,27.159655788672808,50.0,0.24678116172735856,-14.644892758212304
86.0,-3.7129830685423855,3.94443842149474,0.877513487546003,29.718710316921033,27.195924630865477,50.0,0.2484911466149689,-14.645633073918022
87.0,-1.7082957878529375,3.9418657719970116,0.877421358308763,29.75271830653719,27.22986551695078,50.0,0.11009012045428329,-6.7338726945841625
88.0,0.2963914928365104,3.938905481647389,0.8774580880014369,29.786528680120682,27.259482583808165,50.0,-0.018212484733635785,1.1674580758473836
89.0,2.3010787735259584,3.9356712517079018,0.8775871137535306,29.820051428514546,27.285313929973654,50.0,-0.13365617692535162,9.056289576881392
90.0,2.3010787735259584,3.9345224853180083,0.8777761987516438,29.85323760731734,27.30926439902055,50.0,-0.1305776754942772,9.053646174925868
91.0,2.3010787735259584,3.9332864397985854,0.8779974322394698,29.886074943959045,27.332910293105442,50.0,-0.12722436170359125,9.050801936818011
92.0,2.3010787735259584,3.9320360743479386,0.8782272295177955,29.918567162133968,27.35702393133431,50.0,-0.12381839066658851,9.047924747420378
93.0,2.3010787735259584,3.930830767476465,0.8784463319445014,29.950733896221664,27.381573047300776,50.0,-0.1205407126657348,9.045151241362845
94.0,2.3010787735259584,3.9297163170066525,0.8786398069345615,29.982596962521825,27.406170983955178,50.0,-0.1175310731526681,9.042586803042614
95.0,2.3010787735259584,3.928724940073084,0.8787970479600435,30.014162413892507,27.430970746173955,50.0,-0.11488801274820572,9.040305566624216
96.0,2.3010787735259584,3.927875273122431,0.878911774550109,30.045444610688776,27.456153953048442,50.0,-0.112668867242333,9.038350416039503
97.0,1.534052515683972,3.9280368105060455,0.8789820322910128,30.0764634179547,27.48200117262371,50.0,-0.07525260592708627,6.0258147508560445
98.0,0.7670262578419855,3.928336588702198,0.8790101928261034,30.107244185250522,27.508892503842958,50.0,-0.03783464084167128,3.013137313175998
99.0,-8.881784197001252e-16,3.9287525020938343,0.879002953855823,30.137819993059168,27.537042441467975,50.0,4.4186475134830013e-17,-3.4894331887026147e-15
100.0,-8.881784197001252e-16,3.9283844257834084,0.8789713391377076,30.168216060849034,27.56583428272421,50.0,4.3887637209481896e-17,-3.4891062712668916e-15
101.0,-8.881784197001252e-16,3.9280475313706407,0.8789306984863865,30.1984425718789,27.59479212805752,50.0,4.3624511011809645e-17,-3.4888070489197537e-15
102.0,-8.881784197001252e-16,3.927678971174753,0.8789007077735828,30.22850807993666,27.62371365544982,50.0,4.3323800903365434e-17,-3.4884797017074057e-15
103.0,-8.881784197001252e-16,3.9272673989287923,0.8788844223111955,30.258419710195938,27.65266572592259,50.0,4.297271571260319e-17,-3.488114152120396e-15
104.0,-0.4253790130777908,3.9275228260471007,0.8788070344605883,30.28818327096849,27.68199159328742,50.0,0.020722675346372857,-1.6706857835844116
105.0,-1.1555554078867945,3.928313104061872,0.8786668324412454,30.317815841064146,27.712444267344495,50.0,0.05736901765262909,-4.539383451271257
106.0,-2.1041286700871247,3.929512733999315,0.8784724128617859,30.34735166579793,27.744228767418406,50.0,0.10739540303592396,-8.2682004030804
107.0,-2.783811112826782,3.930546592170793,0.878231719847505,30.3768218174705,27.77724636285825,50.0,0.14563472293967666,-10.94189928276849
108.0,-3.270824864297023,3.9314768055778058,0.8779520450403753,30.40625294699595,27.811354559661822,50.0,0.17507011762136376,-12.85917208909092
109.0,-3.6197854659054527,3.9323433257271234,0.8776400275990455,30.435667283901807,27.84636710047573,50.0,0.19801420350110066,-14.234239217417352
110.0,-3.869826663114558,3.933170831270067,0.877301654198841,30.465082636328987,27.882053964595343,50.0,0.21620403107648886,-15.220689353433356
111.0,-4.0489890098482375,3.9339736739596702,0.8769422590317638,30.494512167381174,27.91817355168422,50.0,0.23091957225917747,-15.928616170894998
112.0,-4.177364440958797,3.9347594225838547,0.8765665238064927,30.52396374304908,27.954653125247205,50.0,0.24309294606885695,-16.436924095629365
113.0,-4.269349456857921,3.9355314023045054,0.8761784777483828,30.553443366854424,27.991433349348938,50.0,0.2533983762166009,-16.802158854876033
114.0,-4.335259600853272,3.9362905141734283,0.8757814975994661,30.58295616368821,28.02845742077892,50.0,0.26232229504044846,-17.064841243318018
115.0,-4.382486282710367,3.937036538872509,0.875378307618451,30.612506338851063,28.065678989530625,50.0,0.27021635268708166,-17.254008626138273
116.0,-4.4163256789554834,3.937769070884349,0.8749709795807228,30.642097178053632,28.103062158801094,50.0,0.27733682321358427,-17.390470665543226
117.0,-4.440572665896021,3.9384881878547837,0.8745609327783429,30.67173104741613,28.140581484991174,50.0,0.2838736214981944,-17.48914299194231
118.0,-4.457946391225992,3.939194930212079,0.8741489340200498,30.701409393468737,28.17822197770562,50.0,0.2899715639879449,-17.56071982347466
119.0,-4.470395209406224,3.939891644829106,0.8737350976312583,30.731134123500738,28.21603144978326,50.0,0.29574591166410363,-17.612872734623643
120.0,-4.544531282532073,3.9406556085919062,0.8733187582878852,30.76090951572297,28.254092340861803,50.0,0.30601442267379086,-17.908432686931384
121.0,-4.614667277500352,3.9414137097656,0.8728993832320747,30.79073810718336,28.29236465692702,50.0,0.31617082069422203,-18.188312873546586
122.0,-4.68193709122399,3.942166317828495,0.8724772754313186,30.82062202690588,28.330810058878285,50.0,0.32627971245120857,-18.45697470321513
123.0,-4.68193709122399,3.942839962569308,0.872052742200437,30.850563059266904,28.36939538729473,50.0,0.3314213126296524,-18.46012866551345
124.0,-4.68193709122399,3.9435096216873013,0.8716260746185587,30.88056264399563,28.408092662435195,50.0,0.33655424526988037,-18.46326396737646
125.0,-4.68193709122399,3.9441745117383418,0.8711975475291209,30.910621876173707,28.44687908423805,50.0,0.3416735555360652,-18.46637694076801
126.0,-4.68193709122399,3.9448339012149694,0.8707674195398698,30.94074150623544,28.48573703232148,50.0,0.34677460777110014,-18.469464160816198
127.0,-4.68193709122399,3.9454871105463987,0.87033593302286,30.970921939967695,28.524654065983327,50.0,0.35185308549660316,-18.47252244581335
128.0,-4.68193709122399,3.9461335120985153,0.8699033141144553,31.001163238510117,28.56362292420107,50.0,0.3569049914129065,-18.47554885721603
129.0,-4.68193709122399,3.9467725301738787,0.8694697727153275,31.03146511835473,28.602641525631952,50.0,0.3619266473990713,-18.478540699645038
130.0,-4.68193709122399,3.9474036410117224,0.8690355024904578,31.061826951346234,28.641712968612808,50.0,0.36691469451287717,-18.48149552088541
131.0,-4.68193709122399,3.9480263727879503,0.8686006808691354,31.092247764682043,28.68084553116023,50.0,0.37186609299081796,-18.484411111886416
132.0,-4.68193709122399,3.9486403056151427,0.8681654690449587,31.122726240912073,28.720052670970404,50.0,0.3767781222481205,-18.487285506761566
133.0,-4.68193709122399,3.9492450715425487,0.8677300119758347,31.153261948178624,28.759340483566348,50.0,0.38164838087871983,-18.490116982788596
134.0,-4.68193709122399,3.9498403545560956,0.8672944383839788,31.18385635876234,28.79869330228712,50.0,0.38647478665528795,-18.492904060409497
135.0,-4.68193709122399,3.9504258905783787,0.8668588607559156,31.21450934874514,28.838108908839786,50.0,0.39125557652920095,-18.495645503230474
136.0,-4.68193709122399,3.9510014674686698,0.8664233753424777,31.2452207181031,28.877585608987488,50.0,0.39598930663056786,-18.498340318021977
137.0,-4.68193709122399,3.9515669250229117,0.8659880621588072,31.275990242759974,28.917121737612376,50.0,0.4006748522682119,-18.500987754718697
138.0,-4.68193709122399,3.9521221549737215,0.8655529849843542,31.306817674587023,28.956715658715382,50.0,0.40531140792968334,-18.50358730641955
139.0,-4.68193709122399,3.9526671009903884,0.8651181913628779,31.337702741403177,28.9963657654165,50.0,0.4098984872812465,-18.5061387093877
140.0,-4.68193709122399,3.9532017586788744,0.864683712602446,31.368645146974984,29.03607047995456,50.0,0.4144359231678925,-18.50864194305053
141.0,-4.68193709122399,3.953726175581816,0.8642495637754352,31.39964457101655,29.07582825368746,50.0,0.4189238676133331,-18.511097229999677
142.0,-4.68193709122399,3.9542404511785207,0.8638157437185302,31.43070066918966,29.11563756709188,50.0,0.4233627918199984,-18.513505035991
143.0,-4.68193709122399,3.9547447368849706,0.8633822350327252,31.461813073103656,29.155496929763615,50.0,0.42775348616903924,-18.5158660699446
144.0,-4.68193709122399,3.9552392360538207,0.8629490040833225,31.49298139031555,29.195404880417186,50.0,0.43209706022033084,-18.51818128394482
145.0,-4.68193709122399,3.9557242039743974,0.8625160009999335,31.524205204329917,29.235359986886237,50.0,0.4363949427124672,-18.520451873240223
146.0,-4.68193709122399,3.9561999478727015,0.8620831596764781,31.555484074598894,29.27536084612325,50.0,0.44064888156276055,-18.522679276243615
147.0,-4.68193709122399,3.956666826911407,0.8616503977711847,31.586817536522346,29.315406084199708,50.0,0.4448609438672541,-18.524865174532046
148.0,-4.68193709122399,3.9571252521898614,0.8612176167065908,31.6182051014477,29.35549435630594,50.0,0.4490335159007034,-18.527011492846796
149.0,-4.68193709122399,3.9575756867440814,0.8607847016695424,31.64964625666994,29.395624346751333,50.0,0.45316930311658227,-18.52912039909337
150.0,-4.68193709122399,3.958018645546762,0.860351521611194,31.68114046740891,29.43579437714385,50.0,0.45727133014709564,-18.531194304341522
151.0,-4.68193709122399,3.9583845878067065,0.859941723174253,31.712687198408673,29.475995273707554,50.0,0.4609032992890162,-18.532907622981604
152.0,-4.68193709122399,3.958455793652546,0.859629554488731,31.744285400817375,29.516195114455172,50.0,0.46269823472722926,-18.53324100427235
153.0,-4.68193709122399,3.958257039020514,0.8594072899079193,31.775933001378064,29.55618161792239,50.0,0.4628083068284319,-18.53231044758859
154.0,-2.308001470194404,3.9551560208417267,0.859260939644061,31.807587947214756,29.591866231045174,50.0,0.2213259883886187,-9.128505910950953
155.0,0.06593415083518235,3.9518687564954664,0.8591773209599154,31.839112331421802,29.620285644181706,50.0,-0.006111531091730457,0.2605631106716166
156.0,2.4398697718647684,3.9484333074744784,0.8591440581687566,31.870349967536697,29.64125126484487,50.0,-0.21785414033352246,9.63366307313101
157.0,2.4398697718647684,3.9475606302747703,0.8591495826343744,31.901171634140894,29.658676738972872,50.0,-0.21571144263669242,9.631533854410845
158.0,2.4398697718647684,3.9466083000609133,0.8591831327710735,31.93157023487305,29.676690421756007,50.0,-0.21330602297069534,9.629210292709223
159.0,1.6265798479098452,3.946523364745039,0.8592347540436746,31.961579642179515,29.69622301389404,50.0,-0.14198189511888373,6.419335374399636
160.0,0.8132899239549222,3.9464171863090494,0.8592952989675131,31.991248572316238,29.717894155357442,50.0,-0.0708553531308057,3.2095813333476846
161.0,-8.881784197001252e-16,3.946315174037506,0.8593564271084403,32.02064046862154,29.741833540342157,50.0,7.723488242655881e-17,-3.5050319749152567e-15
162.0,-8.881784197001252e-16,3.9453236290290357,0.8594106050828224,32.049801050440635,29.76690039922181,50.0,7.630609384020463e-17,-3.504151306036572e-15
163.0,-8.881784197001252e-16,3.9443794774292247,0.8594511065575414,32.07874144734285,29.792286316824402,50.0,7.543154622851581e-17,-3.5033127309606946e-15
164.0,-8.881784197001252e-16,3.9435005371977256,0.8594720122499945,32.107472899797415,29.817664408565975,50.0,7.463232249780634e-17,-3.502532075214871e-15
165.0,-8.881784197001252e-16,3.9427020958525523,0.8594682099280938,32.13600877830788,29.84313079144357,50.0,7.392654126588414e-17,-3.5018229168426916e-15
166.0,-0.4066580505448942,3.9424552140930484,0.8594353944102676,32.16436458341229,29.869204584034946,50.0,0.033760678028787426,-1.6032311517236324
167.0,-1.1046993270021022,3.942640203826594,0.8593700675654589,32.19255986980829,29.896841894975637,50.0,0.09198846348704721,-4.355431979778669
168.0,-2.0115258082014793,3.9431716732764377,0.8592695383131262,32.22064468069493,29.926869564730964,50.0,0.16877130984189997,-7.931791586964565
169.0,-2.661295375238287,3.9435297841260404,0.8591319226232437,32.248670317950314,29.958900375571886,50.0,0.22460763849738846,-10.494897576609072
170.0,-3.1268756146781342,3.9437992934552946,0.8589561435163003,32.276676376403145,29.992452452931047,50.0,0.26529397661671505,-12.331769839890216
171.0,-3.4604784338212267,3.9440391489519233,0.858741931063301,32.30469394341293,30.027124366325268,50.0,0.2951691829685204,-13.648262417094756
172.0,-3.6995152990329374,3.9442890877650796,0.8584898223857657,32.332745598870474,30.062595129355714,50.0,0.3174156949165503,-14.59195782399558
173.0,-3.8707926973385347,3.944574364790563,0.8582011616557296,32.36084541519733,30.098624199707956,50.0,0.33433276394004247,-15.2686296453401
174.0,-3.9791997798880683,3.944893003645005,0.8578781000957436,32.388999629257796,30.135037835287847,50.0,0.34624968505019427,-15.697517371786185
175.0,-4.032571679986661,3.9452438176252906,0.8575235959788737,32.41721371453866,30.171638830954237,50.0,0.35373808157348424,-15.909478489598206
176.0,-4.046509148676011,3.945631841437855,0.8571414146287014,32.445489240170104,30.208358816057682,50.0,0.3580773216534758,-15.966035343685657
177.0,-4.046509148676011,3.9460707323780606,0.8567361284193233,32.47382643142578,30.24516366601881,50.0,0.3614932922123696,-15.96781131989047
178.0,-4.046509148676011,3.946558589749859,0.8563131167753518,32.502225222310585,30.28202583544055,50.0,0.36517913201792923,-15.969785439208703
179.0,-4.046509148676011,3.9470752748883537,0.8558785661719144,32.53068525556074,30.31892435810812,50.0,0.36902831615020426,-15.971876210348606
180.0,-4.046509148676011,3.9475981186870106,0.8554394701346537,32.55920588264388,30.3558448469891,50.0,0.37292081449671954,-15.9739919025632
181.0,-4.046509148676011,3.948101921597658,0.8550036292397281,32.58778616375889,30.39277949423348,50.0,0.3767230917524678,-15.976030545650264
182.0,-4.046509148676011,3.9485589536304904,0.8545796511138112,32.6164248678362,30.429727071173545,50.0,0.3802881074199243,-15.977879929952358
183.0,-4.046509148676011,3.9489389543540634,0.8541769504340918,32.64512047253743,30.466692928323823,50.0,0.38345531580902853,-15.9794176063568
184.0,-4.046509148676011,3.949207649256148,0.8538071416646197,32.673871525004415,30.50366793401861,50.0,0.3860390267574446,-15.980504882736287
185.0,-4.046509148676011,3.9493637258151413,0.8534739284951853,32.70267661729514,30.540614036815214,50.0,0.38801894211988125,-15.981136447960148
186.0,-4.046509148676011,3.949459362919867,0.8531598401868058,32.73153352864432,30.577532559271447,50.0,0.38967689975245756,-15.981523444379373
187.0,-4.046509148676011,3.9495417856694215,0.8528486609271374,32.760440240234914,30.614427615451973,50.0,0.39126961388371484,-15.981856968789504
188.0,-4.046509148676011,3.949649604862585,0.8525271056981952,32.789394967944986,30.651304547162795,50.0,0.3930070814109715,-15.982293260141043
189.0,-4.046509148676011,3.9498128169978184,0.8521848202763527,32.81839616234771,30.688169923951364,50.0,0.39505258190031456,-15.98295369953944
190.0,-4.046509148676011,3.9500528042732683,0.8518143812323414,32.847442508711595,30.725031543106468,50.0,0.3975226775866064,-15.983924810245114
191.0,-4.046509148676011,3.950382334586762,0.8514112959312516,32.8765329270002,30.76189842965823,50.0,0.40048721337348137,-15.985258257673433
192.0,-4.046509148676011,3.950805561535812,0.850974002532532,32.90566657187236,30.798780836378114,50.0,0.403969316833353,-15.98697084939473
193.0,-4.046509148676011,3.951318024417611,0.8505038699899894,32.93484283268208,30.835690243779027,50.0,0.4079453982073978,-15.989044535134287
194.0,-4.046509148676011,3.9519066482290364,0.8500051980517893,32.96406133347858,30.87263936011516,50.0,0.4123451504055749,-15.991426406772348
195.0,-4.046509148676011,3.9525497436666486,0.8494852172604556,32.9933219330062,30.90964212138215,50.0,0.41705154900661184,-15.994028698344117
196.0,-4.046509148676011,3.9532170071266908,0.8489540889528703,33.02262472470454,30.946713691316916,50.0,0.4219008522580136,-15.996728786039755
197.0,-4.046509148676011,3.9538695207050885,0.8484249052602743,33.05197003968863,30.983870182522764,50.0,0.4266826010760551,-15.999369188204376
198.0,-4.046509148676011,3.9544597521974505,0.8479136891082665,33.08135865761574,31.021101794803883,50.0,0.4311396190457852,-16.001757565338057
199.0,-4.046509148676011,3.9549315550990696,0.8474393942168045,33.11079105371499,31.05838816871153,50.0,0.43496801242102995,-16.00366672009583
200.0,-4.046509148676011,3.9552201686049204,0.847023905100204,33.14026691444138,31.095702483253433,50.0,0.4378171701243857,-16.004834597287687
201.0,-4.046509148676011,3.95525221760966,0.8466920370671395,33.16978602393823,31.132863497060328,50.0,0.4392897637472188,-16.00496428387857
202.0,-1.7645526249172991,3.952373947705354,0.8464715362206434,33.19930981508679,31.165612772776626,50.0,0.18687037817041346,-6.97417182407823
203.0,0.517403898841413,3.949066520188301,0.846393079458107,33.22867240083275,31.190000048675188,50.0,-0.053123638541263916,2.0432624143295186
204.0,2.799360422600125,3.9452307170522096,0.84649027447128,33.2577163254839,31.206755026391193,50.0,-0.276410087071068,11.044122727342268
205.0,2.799360422600125,3.943544250660616,0.8467301128181087,33.28632450444212,31.22053392591647,50.0,-0.27101766582446196,11.039401700071595
206.0,2.799360422600125,3.9419686160611387,0.846939551050852,33.314479923082445,31.23460346321025,50.0,-0.2660206035864848,11.03499093093334
207.0,2.799360422600125,3.9405359703029927,0.8471074672016593,33.342208580010606,31.249358244988116,50.0,-0.26154005392463936,11.03098043909838
208.0,1.8662402817334165,3.94029657794054,0.8472336446776108,33.36954774813728,31.265623792830468,50.0,-0.17367779479154327,7.35354019572897
209.0,0.9331201408667081,3.940196745727637,0.8473181286559504,33.39655292363733,31.284706273205074,50.0,-0.08666690824543502,3.6766769424159174
210.0,-2.9605947323337506e-16,3.940233701813905,0.8473612260840863,33.42330403135588,31.307098614562165,50.0,2.7495776242448816e-17,-1.166543514175416e-15
211.0,-2.9605947323337506e-16,3.939352342947217,0.8473635056795914,33.44985539369952,31.33075752592572,50.0,2.7234166704803117e-17,-1.1662825795336148e-15
212.0,-2.9605947323337506e-16,3.9386001136699673,0.8473257979302027,33.47623171085132,31.354393517560766,50.0,2.702262583765075e-17,-1.1660598749300417e-15
213.0,-2.9605947323337506e-16,3.9379721271228014,0.8472491950938215,33.50243250272092,31.377899044859817,50.0,2.6859383466686507e-17,-1.16587395356369e-15
214.0,-2.9605947323337506e-16,3.9374627914433744,0.8471350511985133,33.52845464206712,31.401403874895152,50.0,2.674238319525409e-17,-1.16572315991074e-15
215.0,-0.3852444185167961,3.937499980226016,0.846984982042508,33.55431659883527,31.42567962475664,50.0,0.034870397842253556,-1.5168998902920676
216.0,-1.046528525124669,3.9379536178712073,0.8468008651942,33.580048474294244,31.451581952959145,50.0,0.09539395582012007,-4.121180791720109
217.0,-1.9056037112108213,3.938727811325721,0.8465848399921477,33.60569245228942,31.479637668483804,50.0,0.17558798813524495,-7.505654334711569
218.0,-2.521157980178554,3.939316790095077,0.8463393075450741,33.63130201407614,31.50999214663085,50.0,0.23441092210784653,-9.93163996179957
219.0,-2.962221887251294,3.9397892347377095,0.8460669307318665,33.65692392967287,31.542060062257008,50.0,0.27762626024972065,-11.67052990229707
220.0,-3.2782579866329207,3.940191067671907,0.8457706342015759,33.68258810348277,31.57532499385877,50.0,0.3095345401254481,-12.916962836455124
221.0,-3.5047077471114654,3.940551704549706,0.8454536043734187,33.7083163754823,31.609429468041924,50.0,0.33329104842340884,-13.810482086828644
222.0,-3.666966090766278,3.9408885335620094,0.8451192894367745,33.73412285278414,31.64412027762171,50.0,0.3511825707455459,-14.451104620061532
223.0,-3.7832292743967932,3.941210125000957,0.8447713993511881,33.76001583275695,31.679227296689817,50.0,0.3648498100637193,-14.910501521452666
224.0,-3.866535485735047,3.941518531011859,0.8444139058463679,33.786000679718995,31.714631846137138,50.0,0.37545847903136204,-15.240021267839627
225.0,-3.9262269945241832,3.941810933437459,0.8440510424221872,33.81208016768039,31.75025174878283,50.0,0.38382752308589324,-15.476444494172721
226.0,-3.9689978295469897,3.942091715919008,0.8436837517504477,33.83825597564385,31.786020737055026,50.0,0.3905809961951456,-15.646153464357711
227.0,-3.999644472020217,3.942378011878182,0.8433081549860082,33.86452868963505,31.82188842883852,50.0,0.3962442054626096,-15.768110421822625
228.0,-4.021603750916245,3.9426717947274756,0.8429248328836789,33.89089780270319,31.857820327475224,50.0,0.4011427558935035,-15.855863678307697
229.0,-4.03733826180287,3.9429737091220765,0.8425344442559957,33.917361714920276,31.89379782176377,50.0,0.4055072870311717,-15.91911862112134
230.0,-4.0486125315097015,3.9432837014822146,0.8421376217473838,33.94391611782379,31.929802101548376,50.0,0.409501285927506,-15.964827809118855
231.0,-4.0566908987585,3.9436012430046343,0.8417349718341596,33.970558748487576,31.96586861953608,50.0,0.4132399751477213,-15.99797127082961
232.0,-4.062479301830578,3.9439254894572957,0.8413270748245288,33.99729399937064,32.00210042002243,50.0,0.4168039358462374,-16.022115668882297
233.0,-4.250434215086855,3.9444625465508296,0.8409144848585879,34.02412596921141,32.038576499004364,50.0,0.4401242243226184,-16.765678567988274
234.0,-4.436529187555131,3.945003328227527,0.8404977299083232,34.05105830252097,32.07534995550793,50.0,0.46364213720605124,-17.50212241068356
235.0,-4.621291454212989,3.9455468289222573,0.8400773117776115,34.07809418958311,32.11244799158811,50.0,0.4874053782605128,-18.233521842695588
236.0,-4.621291454212989,3.945884812249505,0.8396537061022197,34.10523636645428,32.14987191232893,50.0,0.49092490301003255,-18.235083762157462
237.0,-4.621291454212989,3.9462240825018635,0.8392273623498047,34.132487114963624,32.18759712584341,50.0,0.49446302846751855,-18.236651628875357
238.0,-4.621291454212989,3.9465633053859146,0.8387987038199138,34.1598482627129,32.22557314327361,50.0,0.4980116322836178,-18.238219276690494
239.0,-4.621291454212989,3.9469012350967514,0.8383681276439847,34.18732118307662,32.263723578790575,50.0,0.5015631219706405,-18.23978094837531
240.0,-4.621291454212989,3.9472367143179765,0.8379360047853448,34.21490679520201,32.3019461495943,50.0,0.5051104349025558,-18.241331295633422
241.0,-4.621291454212989,3.9475686742217033,0.837502680039212,34.24260556247856,32.3401127222034,50.0,0.5086470383149944,-18.24286537909966
242.0,-4.621291454212989,3.9478961344685595,0.8370684720326945,34.270413497937966,32.378207975991984,50.0,0.5121669293052539,-18.244378668340048
243.0,-4.621291454212989,3.948218203207679,0.8366336732247903,34.29832505582033,32.41630648603217,50.0,0.5156646348322869,-18.24586704185181
244.0,-4.621291454212989,3.9485340770767103,0.8361985499063882,34.32633763040536,32.454408419658535,50.0,0.5191352117167115,-18.247326787063376
245.0,-4.621291454212989,3.9488430412018114,0.8357633422002665,34.35444866627813,32.492513829429356,50.0,0.5225742466408069,-18.24875460033436
246.0,-4.621291454212989,3.949144469197652,0.8353282640610942,34.382655658329554,32.53062265312627,50.0,0.5259778561485172,-18.2501475869556
247.0,-4.621291454212989,3.9494378231674103,0.8348935032754303,34.410956151755954,32.56873471375468,50.0,0.5293426866454358,-18.251503261149104
248.0,-4.621291454212989,3.9497226537027794,0.8344592214617242,34.43934774205951,32.606849719543504,50.0,0.5326659143988355,-18.252819546068103
249.0,-4.621291454212989,3.9499985998839597,0.8340255540703152,34.467828075047805,32.64496726394526,50.0,0.5359452455376378,-18.254094773797014
250.0,-4.621291454212989,3.9502653892796653,0.8335926103834329,34.49639484683428,32.68308682563605,50.0,0.5391789160524296,-18.255327685351464
251.0,-4.621291454212989,3.9505228379471187,0.8331604735151972,34.52504580383771,32.72120776851551,50.0,0.542365691795459,-18.256517430678265
252.0,-4.621291454212989,3.9507708504320562,0.832729200411618,34.5537787424596,32.75932936128106,50.0,0.5455048684806414,-18.257663568655445
253.0,-4.621291454212989,3.951009419768723,0.8322988218505958,34.58259151070371,32.79745106295496,50.0,0.5485962716835447,-18.25876606709222
254.0,-4.621291454212989,3.951238627479875,0.8318693424419208,34.61148201800961,32.83557209321293,50.0,0.5516402568414029,-18.25982530272901
255.0,-4.621291454212989,3.951458643576781,0.8314407406272736,34.64044821271642,32.873691636462354,50.0,0.5546377092531123,-18.260842061237426
256.0,-4.621291454212989,3.95166972655922,0.8310129686802252,34.669488077562335,32.9118089670136,50.0,0.5575900440792351,-18.261817537220303
257.0,-4.621291454212989,3.9518722234154797,0.8305859527062365,34.698599629684736,32.94992344907968,50.0,0.5604992063419798,-18.26275333421164
258.0,-4.621291454212989,3.9520665696223625,0.8301595926426587,34.727780920620035,32.98803453677658,50.0,0.5633676709252349,-18.263651464676666
259.0,-4.621291454212989,3.952253289145179,0.8297337622587333,34.75703003630366,33.026141774122834,50.0,0.5661984425745415,-18.264514350011794
260.0,-4.621291454212989,3.952432994437753,0.8293083091555918,34.786345097070296,33.06424479504,50.0,0.5689950558971043,-18.265344820544644
261.0,-4.621291454212989,3.9526063864424157,0.8288830547662562,34.815724257653585,33.10234332335233,50.0,0.5717615753617846,-18.26614611553402
262.0,-4.621291454212989,3.9527742545900124,0.8284577943556383,34.84516570718637,33.14043717278679,50.0,0.5745025952991114,-18.266921883169942
263.0,-4.621291454212989,3.9529374767998986,0.8280322970205404,34.874667669860116,33.17852619266233,50.0,0.5772232399012744,-18.267676180573627
264.0,-4.621291454212989,3.9530970194799404,0.8276063056896548,34.90422847848254,33.21661095514537,50.0,0.579929163222125,-18.268413473797487
265.0,-4.621291454212989,3.953253937526515,0.8271795371235642,34.93384654315787,33.254691026658406,50.0,0.582626549177175,-18.269138637825137
266.0,-4.621291454212989,3.9533649636909876,0.8267665706806896,34.96352015345377,33.29275923925377,50.0,0.5850480717355776,-18.269651722090206
267.0,-4.621291454212989,3.9531345767852497,0.8264668667399798,34.99325332639978,33.3309887580067,50.0,0.5853684059569249,-18.268587037051557
268.0,-2.6368581543455227,3.950325823599766,0.8262814606703895,35.023000276041955,33.36510634691086,50.0,0.3270873898909157,-10.416448860280736
269.0,-0.6524248544780562,3.9472375338226224,0.8261902723576293,35.05262640396984,33.39058650553727,50.0,0.0789742419462639,-2.575275873594546
270.0,1.33200844538941,3.943927977534465,0.826174513821546,35.081940785072675,33.40784441607974,50.0,-0.15684860813946022,5.253345374083483
271.0,1.33200844538941,3.9426877778663934,0.8262166892161238,35.110811156006775,33.42166834444566,50.0,-0.15514047372585477,5.2516934176516425
272.0,1.33200844538941,3.9413305420131155,0.8263005948294835,35.139220112810676,33.43514516370044,50.0,-0.15322086112129238,5.249885568032691
273.0,1.33200844538941,3.9399022302197952,0.8264113190838828,35.16717910507123,33.449138270973776,50.0,-0.15117085210797165,5.247983044661339
274.0,1.33200844538941,3.938444699453105,0.8265352425357161,35.19471164698973,33.46319163045513,50.0,-0.14906434173290103,5.246041601370693
275.0,1.33200844538941,3.936995703401222,0.8266600378755148,35.221832359559414,33.47770812601493,50.0,-0.14696803830790062,5.244111526392249
276.0,0.8880056302596072,3.936089283646485,0.8267746699279473,35.24856884676444,33.49330906873456,50.0,-0.09707199245171358,3.4952694450825827
277.0,0.44400281512980416,3.9352545961474337,0.8268693956518185,35.274959133375546,33.51043013550054,50.0,-0.048123334138460296,1.747264118941961
278.0,1.1842378929335002e-15,3.9345170847567674,0.8269357641400704,35.301053818405876,33.52924292748281,50.0,-1.2740187644611784e-16,4.659404222163212e-15
279.0,1.1842378929335002e-15,3.9333976988760413,0.8269666166197818,35.3268847909975,33.548938182033396,50.0,-1.2603972059378194e-16,4.658078602986442e-15
280.0,1.1842378929335002e-15,3.9324140669736196,0.8269560864521681,35.35245909054845,33.56862054151071,50.0,-1.248873366457432e-16,4.656913748814895e-15
281.0,1.1842378929335002e-15,3.931579323066723,0.826899599132582,35.37778717618471,33.588033347843236,50.0,-1.2396569570462452e-16,4.655925213449453e-15
282.0,1.1842378929335002e-15,3.930902497894077,0.8267938722905126,35.40288345141221,33.607565507054574,50.0,-1.2328937942096536e-16,4.655123691433115e-15
283.0,-0.5100077809637665,3.9309632976850644,0.8266369156895862,35.42776626411688,33.628251489263334,50.0,0.05320726657749099,-2.0048218685023698
284.0,-1.3854521056243325,3.931599614837024,0.8264280312275657,35.45246867436515,33.65178639441376,50.0,0.14571019196356605,-5.447042964847769
285.0,-2.5227431558715216,3.932691424528194,0.826167812936351,35.47707747434805,33.67902716342212,50.0,0.26873171208203284,-9.921170375383127
286.0,-3.337647802608981,3.9335729136468376,0.8258581469819787,35.50167133357377,33.70941279411272,50.0,0.35951395426749766,-13.128880991635574
287.0,-3.921552497128444,3.934335589069822,0.8255022116646223,35.52631325180727,33.742342911281185,50.0,0.4267958029342746,-15.42870355385807
288.0,-4.339938493142663,3.9350376592378513,0.8251044774185924,35.551051750737315,33.77722948403391,50.0,0.4771032474510438,-17.07782140929235
289.0,-4.639725159192451,3.9357123100685447,0.824670706812336,35.575920873976884,33.81349682578792,50.0,0.5152025203448876,-18.260623424368465
290.0,-4.854531691909653,3.93637363490729,0.8242079545484372,35.600941571903604,33.85067705712635,50.0,0.5445118500466486,-19.109250561855035
291.0,-5.0084472983173205,3.937020883522692,0.823724567463617,35.62612748685876,33.88858821877113,50.0,0.5674386280753682,-19.718361607498096
292.0,-5.118732649494366,3.9376415066448516,0.8232301845287331,35.65148769168064,33.92704939542216,50.0,0.5856409699875823,-20.15573414206719
293.0,-5.197755556710345,3.9382133374723742,0.8227357368487802,35.6770283675711,33.965909302041894,50.0,0.6002243403168511,-20.469870258357826
294.0,-5.254377943983163,3.9387070635545554,0.8222536644183404,35.70275283911349,34.00504872251793,50.0,0.6118901719231848,-20.695455522551743
295.0,-5.29494965734357,3.9391118084615457,0.8217919566022749,35.72866157427217,34.04438050966303,50.0,0.6212027094018328,-20.85739872045147
296.0,-5.324020560289927,3.939439574162047,0.8213488667852367,35.754754044980984,34.083940756939455,50.0,0.6287173540533086,-20.973657288858533
297.0,-5.344850772477645,3.939701645809573,0.8209220760625082,35.78103883204324,34.124060773418364,50.0,0.6348590751171487,-21.057117384936742
298.0,-5.359776271716039,3.9399078149000992,0.8205094021436836,35.807499244773,34.163648243474825,50.0,0.639948779572382,-21.11702441905014
299.0,-4.923358398165188,3.939562778763296,0.8201087993526677,35.83410949031867,34.20181043065446,50.0,0.588114752725559,-19.39587949192326
300.0,-4.482144634544295,3.939176050961824,0.8197183586276767,35.86084013091579,34.23820168432337,50.0,0.5354266547505324,-17.655956801343923
301.0,-4.037494465526147,3.9387549660348675,0.819336307521238,35.88765808388683,34.273023439667725,50.0,0.48215217282932676,-15.902701376429405
302.0,-4.037494465526147,3.9388098678020755,0.81896101020019,35.9145266216413,34.30702421769399,50.0,0.4838890992672358,-15.902923042010656
303.0,-4.037494465526147,3.9388445336235733,0.8185909674456825,35.94142548017754,34.34100277909312,50.0,0.4855231079030072,-15.903063005073095
304.0,-4.037494465526147,3.9388634094502923,0.8182248166531761,35.96836132838956,34.374956332888814,50.0,0.48707765074721066,-15.903139216119005
305.0,-4.037494465526147,3.9388704890834907,0.817861331832443,35.99533263200988,34.40888312962892,50.0,0.4885738026790792,-15.903167800098862
306.0,-4.037494465526147,3.938869314174748,0.8174994236075662,36.022337868593695,34.44278218445436,50.0,0.4900302614465018,-15.903163056411316
307.0,-4.037494465526147,3.938862974225971,0.81713813921694,36.04937554032398,34.47665306257812,50.0,0.4914633476660379,-15.903137458903217
308.0,-4.037494465526147,3.9388541065893903,0.8167766625132697,36.07644417401133,34.51049587928509,50.0,0.4928870048229063,-15.9031016558696
309.0,-4.037494465526147,3.9388448964675598,0.8164143139635722,36.10354234093961,34.54431116725533,50.0,0.4943127992709839,-15.903064470053682
310.0,-4.037494465526147,3.9388370769133583,0.8160505506491751,36.13066872240063,34.57809935378964,50.0,0.49574992023281245,-15.90303289864687
311.0,-4.037494465526147,3.9388319288299907,0.8156849662657172,36.157821973417754,34.611861515679266,50.0,0.4972051797996022,-15.903012113288765
312.0,-4.037494465526147,3.938830280970984,0.8153172911231487,36.18500080112142,34.64559886845973,50.0,0.49868301293121425,-15.903005460067147
313.0,-4.037494465526147,3.9388325099401906,0.8149473921457306,36.21220397779172,34.67931268250891,50.0,0.500185477456178,-15.903014459517982
314.0,-4.037494465526147,3.9388385401917883,0.8145752728720357,36.23943034085852,34.713004283047155,50.0,0.5017122540716882,-15.903038806625434
315.0,-4.037494465526147,3.938847844030278,0.8142010734549472,36.26667879290113,34.746675050137355,50.0,0.503260646343597,-15.903076370821845
316.0,-4.037494465526147,3.938859441610486,0.81382507066166,36.293948301648584,34.78032641868464,50.0,0.50482558070642,-15.903123195987746
317.0,-4.037494465526147,3.938871900937562,0.8134476778736798,36.321237899979565,34.813959878436776,50.0,0.5063996064633343,-15.903173500451862
318.0,-4.037494465526147,3.9388833378669816,0.8130694450868237,36.34854668592237,34.847576973983905,50.0,0.5079728957861799,-15.903219676991096
319.0,-4.037494465526147,3.938891416104543,0.8126910589112197,36.375873822654796,34.88117930475852,50.0,0.5095332437154583,-15.90325229283054
320.0,-4.037494465526147,3.9388933472063714,0.8123133425713075,36.40321853850452,34.9147685250357,50.0,0.5110660681603361,-15.903260089643485
321.0,-4.037494465526147,3.9388858905789133,0.8119372559058372,36.430580126948655,34.94834634393288,50.0,0.5125544098986377,-15.903229983551391
322.0,-4.037494465526147,3.9389021400902857,0.811551597400326,36.45795794661393,34.981914525409934,50.0,0.5141771112924556,-15.903295590863625
323.0,-4.037494465526147,3.9390387456776863,0.811123962160518,36.4853514212769,35.01547488826924,50.0,0.5164552305095343,-15.903847135166714
324.0,-4.037494465526147,3.9392351406126425,0.8106746048718136,36.51276002316445,35.049033658140445,50.0,0.5190624515386638,-15.904640078629658
325.0,-4.037494465526147,3.9394259142591674,0.8102254663374845,36.54018346383816,35.08260848610962,50.0,0.5216460934272847,-15.90541032617167
326.0,-4.037494465526147,3.939554977648409,0.8097954357944667,36.567621679934405,35.116193543298834,50.0,0.5239034320844925,-15.905931418891436
327.0,-4.037494465526147,3.9395755634786505,0.8094003509133619,36.595074335750496,35.14977528399993,50.0,0.5255817002810328,-15.906014534067104
328.0,-4.037494465526147,3.9394502261153104,0.8090529977984369,36.62254078298247,35.18333463879998,50.0,0.5264780876493181,-15.905508485156295
329.0,-4.037494465526147,3.9391508415909424,0.808763110987623,36.650019872442726,35.21684237029041,50.0,0.5264397406834075,-15.904299721796095
330.0,-4.037494465526147,3.938658607605235,0.8085373734525173,36.677509721216666,35.25014025047926,50.0,0.5253637627390202,-15.902312329803056
331.0,-2.220420771509526,3.9359162014718554,0.8083794165983815,36.704972066749406,35.279365732971826,50.0,0.28318532626459836,-8.73939008866898
332.0,-0.40334707749290466,3.9329713062779197,0.8082898202641426,36.73227032306238,35.300854445155494,50.0,0.05028991300112854,-1.5863524822506505
333.0,1.4137266165237168,3.92983308472452,0.8082661127223926,36.75923248292679,35.31473515733478,50.0,-0.17186246400959831,5.555709630370557
334.0,1.4137266165237168,3.9285678632330456,0.8083027706793887,36.785744835333446,35.32484706640764,50.0,-0.17002196238179004,5.553920953072262
335.0,1.4137266165237168,3.927155605785702,0.808391219275053,36.811777440870856,35.33520630199547,50.0,-0.16790037430521149,5.551924407129568
336.0,1.4137266165237168,3.9256334400849893,0.8085198320829728,36.83735620743448,35.34629043446603,50.0,-0.16556662478957257,5.549772480963711
337.0,1.4137266165237168,3.924047815500542,0.8086739311104006,36.8625106607937,35.35746694924535,50.0,-0.16310713121407008,5.547530841284863
338.0,1.4137266165237168,3.9224545030691305,0.8088357867982537,36.88724791430707,35.36877996875188,50.0,-0.1606258033273914,5.5452783330921385
339.0,1.4137266165237168,3.920918595494659,0.8089846180211148,36.91158558585903,35.38046622367381,50.0,-0.1582440432477127,5.5431069796735875
340.0,0.9424844110158114,3.92004414522074,0.8090970511581626,36.93554965540835,35.39320974387641,50.0,-0.10456590660148221,3.694580497364349
341.0,0.4712422055079059,3.9192714936949997,0.8091816292723155,36.95918258676545,35.40776285422362,50.0,-0.051878990514611104,1.8469261426730965
342.0,4.440892098500626e-16,3.9185704715367726,0.8092471067106324,36.982533570590874,35.42410326795539,50.0,-4.8549326703789764e-17,1.7401948644465526e-15
343.0,4.440892098500626e-16,3.917428195851295,0.809286941856056,37.00563960404327,35.44149842887555,50.0,-4.802436403893958e-17,1.7396875921399579e-15
344.0,4.440892098500626e-16,3.9163907739636423,0.8092956593823348,37.02852020445005,35.45893077256335,50.0,-4.7559784813213877e-17,1.7392268842735891e-15
345.0,-0.4061906986845205,3.915927810439324,0.809268850254022,37.051188645357286,35.477192138406735,50.0,0.04332387755863149,-1.5906134533204936
346.0,-1.1034297510403444,3.9159181777922236,0.8092031717264757,37.07368320602109,35.49744638369572,50.0,0.11775251257539497,-4.320940620015632
347.0,-2.0092140616926106,3.916274343259193,0.8090963473458593,37.096057531834504,35.52040559236332,50.0,0.21534353649309868,-7.868633479922365
348.0,-2.6582368809014554,3.9164741646472363,0.8089471669491411,37.118378254572804,35.546193898876595,50.0,0.2858322309736768,-10.410916067563003
349.0,-3.1232820521414646,3.916598738150534,0.8087554866640944,37.14070059483572,35.57399362874514,50.0,0.3368248918121695,-12.23264254430547
350.0,-3.4565014781660808,3.9167027180546987,0.8085222289092974,37.16306109048247,35.603193878786044,50.0,0.3739260206398021,-13.538088734493172
351.0,-3.695263630204144,3.9168209080066374,0.8082493823941334,37.185485695561795,35.63337631583528,50.0,0.4012004098716561,-14.4736858473801
352.0,-3.8663441879193967,3.916972983865786,0.8079400021187908,37.20799039640832,35.66427341220657,50.0,0.42155903526900823,-15.14436573040678
353.0,-3.988928764152801,3.917166877774895,0.807598209374263,37.230586275593225,35.69567773166733,50.0,0.43706161303319246,-15.625299632742898
354.0,-4.076764451217454,3.9174012029527043,0.8072291917423481,37.25328008268502,35.727450838774075,50.0,0.4491453388215017,-15.970321965354078
355.0,-4.139701471185041,3.9176669911338133,0.8068392030956497,37.27607627804474,35.759488380772325,50.0,0.4587939571897606,-16.217971806809718
356.0,-4.184797816586023,3.917948937498755,0.8064355635975762,37.29897752463438,35.79171049278466,50.0,0.4666609236217849,-16.39582415914032
357.0,-4.2171107600582785,3.9182262927053633,0.8060266597023408,37.32198468801687,35.82406179781026,50.0,0.47315827961162815,-16.523594259311047
358.0,-4.24026399579295,3.918473502057189,0.805621944154962,37.345096548789286,35.85649115570067,50.0,0.4785203978419457,-16.61536210924181
359.0,-4.256854014137938,3.9186591536750344,0.8052326649030463,37.3683089431924,35.888824310697885,50.0,0.4828400040386004,-16.681159948359944
360.0,-4.268741281725116,3.9187657730246377,0.8048660414834002,37.39162556443296,35.92136921765848,50.0,0.48620848600748046,-16.728197228721704
361.0,-4.277258881148497,3.918804418262556,0.8045191980982331,37.4150471534864,35.95420962629254,50.0,0.4888274729318522,-16.761741001497487
362.0,-4.283362007826274,3.9187864513687956,0.8041889377860365,37.438568379045876,35.986999592490974,50.0,0.49086263587173695,-16.785581002577445
363.0,-3.9160702459213703,3.918303260673548,0.8038723107076309,37.46217783752189,36.01896347832587,50.0,0.4481196383740362,-15.344350813620368
364.0,-3.546817415635258,3.9177821331350855,0.8035666141461664,37.48585121242456,36.04906631878788,50.0,0.40510159188571004,-13.895657900468173
365.0,-3.176159418451834,3.917231574081356,0.8032693925071224,37.50954419813172,36.077605665350404,50.0,0.36196205635431355,-12.4417519582754
366.0,-3.176159418451834,3.9170779753093217,0.8029784373183078,37.5332341239893,36.10551519422404,50.0,0.3623983222311546,-12.441264104088942
367.0,-3.176159418451834,3.916909879651266,0.8026917872298606,37.55690970903015,36.13335274279632,50.0,0.362774870001843,-12.440730205481408
368.0,-3.176159418451834,3.9167327592863694,0.8024077280142484,37.580569935784865,36.161287101457106,50.0,0.3631145248397416,-12.440167642966241
369.0,-3.176159418451834,3.9165512841778787,0.802124792566268,37.60422151471943,36.18916074307549,50.0,0.3634367790526106,-12.439591249091194
370.0,-3.176159418451834,3.9163693220731086,0.8018417609030456,37.62786200624976,36.21698023174332,50.0,0.3637577920826075,-12.439013308438327
371.0,-3.176159418451834,3.9161899385034413,0.801557660164037,37.6514900650439,36.24476443018523,50.0,0.36409039050628533,-12.438443557624012
372.0,-3.176159418451834,3.916015396784329,0.8012717646110268,37.67510525415349,36.27251411471502,50.0,0.36444406803460166,-12.437889185298943
373.0,-3.176159418451834,3.915847158015292,0.8009835956281296,37.69870716765246,36.300230210860946,50.0,0.3648249855129084,-12.437354832148115
374.0,-3.176159418451834,3.9156858810799147,0.800692921721789,37.72229543063736,36.32791379336618,50.0,0.36523597092095317,-12.436842590890839
375.0,-3.176159418451834,3.915531422645855,0.800399758520778,37.745869699234845,36.355566085571695,50.0,0.3656765193728895,-12.43635200628074
376.0,-3.176159418451834,3.9153828371648345,0.8001043687761992,37.769429666386486,36.383188303286886,50.0,0.36614279311725934,-12.435880075105752
377.0,-3.176159418451834,3.9152383768726455,0.7998072623614841,37.792975065057135,36.41078133720134,50.0,0.36662762153701073,-12.435421246188124
378.0,-3.176159418451834,3.9150954917891476,0.799509196272394,37.816505644358244,36.43834572672267,50.0,0.3671205011494872,-12.434967420384416
379.0,-3.176159418451834,3.9149508297182676,0.7992111746270195,37.84002116557144,36.465881644245655,50.0,0.36760759560642825,-12.434507950585497
380.0,-3.176159418451834,3.9148002362480017,0.7989144486657802,37.86352725069469,36.493937307365684,50.0,0.3680717356939749,-12.434029641716554
381.0,-3.176159418451834,3.9145950029271344,0.7986354365620469,37.88703598706428,36.522152572312336,50.0,0.36830606887005723,-12.433377787971502
382.0,-1.1729029747360966,3.91185449574737,0.798450352693982,37.91048849737899,36.545635519214386,50.0,0.1330120567347144,-4.5882257747968636
383.0,0.8303534689796409,3.9088475995016596,0.7983561035475325,37.933770636402414,36.56163446172559,50.0,-0.09174699695825765,3.2457251639589453
384.0,2.8336099126953784,3.905621160754635,0.7983374228212905,37.95671652933743,36.570095085011474,50.0,-0.3040002632789317,11.067006836347163
385.0,2.8336099126953784,3.904476848345291,0.798379953537676,37.9791890745596,36.57564368672621,50.0,-0.3006372128330519,11.063764301360827
386.0,2.8336099126953784,3.90319814335078,0.7984702480429369,38.001193826539975,36.58135723352473,50.0,-0.2967580022800214,11.060140950212967
387.0,2.8336099126953784,3.901823349122612,0.7985957680071488,38.02274805736698,36.587378617215165,50.0,-0.2925066971123367,11.056245319660114
388.0,2.8336099126953784,3.9003879212745907,0.7987448844242152,38.04387046561243,36.59374210936801,50.0,-0.2880167167756802,11.052177877081002
389.0,2.8336099126953784,3.8989244676828134,0.7989068776118672,38.06457548909822,36.600420440811206,50.0,-0.28341083466893074,11.048031020476571
390.0,1.8890732751302526,3.8985272412762053,0.7990719372116638,38.08490430167541,36.60897158686038,50.0,-0.18787835697827499,7.364603623862149
391.0,0.9445366375651266,3.8981586616649118,0.7992311621889919,38.10492819590411,36.620919668604245,50.0,-0.09344064771770916,3.68195367498435
392.0,5.921189464667501e-16,3.897842793511906,0.7993765608330661,38.124716035246365,36.63609901879755,50.0,-5.830372195634352e-17,2.307986568387284e-15
393.0,5.921189464667501e-16,3.8965363609519197,0.7995010507569286,38.14433278627422,36.652683197356964,50.0,-5.745644564273133e-17,2.307213004916235e-15
394.0,5.921189464667501e-16,3.895322225963047,0.7995984588974496,38.163801312050055,36.66922727887555,50.0,-5.667985610670899e-17,2.3064940925857553e-15
395.0,5.921189464667501e-16,3.894215909995141,0.7996635215153272,38.18312048350856,36.68599117906257,50.0,-5.598626065258094e-17,2.3058390219403795e-15
396.0,-0.42140427623574256,3.8937050093796612,0.7996918841950871,38.20230615599223,36.703519262137775,50.0,0.03961753297506499,-1.6408239413531214
397.0,-1.144757910804082,3.8936647243985707,0.7996801018450826,38.221388785056035,36.72263775131336,50.0,0.10758964016203877,-4.45730349527406
398.0,-2.084467714825391,3.8940055697647287,0.7996256386974955,38.24041556717219,36.744306751094484,50.0,0.19673191923708955,-8.116928891524829
399.0,-2.7577992122598185,3.894187634222662,0.7995268683083346,38.25944587728452,36.76843763876019,50.0,0.2610553856704379,-10.739387590051184
400.0,-3.2402623125671206,3.894297300201645,0.7993830735574369,38.278524182282695,36.79442972823449,50.0,0.30754699152167553,-12.618544775775277
401.0,-3.5859622301338057,3.8943939793018987,0.7991944466484671,38.297684153715636,36.821750520522414,50.0,0.3413819284215877,-13.965149719037102
402.0,-3.8336670451331134,3.8945169504356776,0.7989620891089176,38.316949301820216,36.849935878700535,50.0,0.3663255228706561,-14.930281289597568
403.0,-3.9313517369238107,3.8946003209529105,0.798688011790109,38.336332975520804,36.87859002791663,50.0,0.37706502321954566,-15.311043736402256
404.0,-3.9494434420021562,3.8947133540469143,0.798375134867189,38.35583836242955,36.90738555539008,50.0,0.38048234795352365,-15.381950114618808
405.0,-3.9105042799990173,3.8948685212992897,0.7980272878391337,38.37546010437717,36.936100795817026,50.0,0.3786980579263156,-15.230900022574316
406.0,-3.9105042799990173,3.8951581772678847,0.7976492095287468,38.395193948181486,36.96474427434413,50.0,0.3813092356821769,-15.232032723479234
407.0,-3.9105042799990173,3.8955197861144835,0.7972465480826597,38.41503654921161,36.99335481849175,50.0,0.3842979179328007,-15.233446796421545
408.0,-3.9105042799990173,3.8959318486987407,0.7968258609713316,38.4349847557109,37.021960173669015,50.0,0.38755438918155594,-15.23505816892091
409.0,-3.9105042799990173,3.8963700181426044,0.7963946149890496,38.455035670528446,37.050578844817665,50.0,0.3909542419265959,-15.236771632406503
410.0,-3.9105042799990173,3.8968070998303137,0.7959611862539285,38.47518665111943,37.07922009641209,50.0,0.394358376660857,-15.238480842217
411.0,-3.9105042799990173,3.8972130514084005,0.7955348602079111,38.49543530954463,37.107883952459474,50.0,0.39761300187206516,-15.24006831760058
412.0,-3.9105042799990173,3.897554982785691,0.7951258316167675,38.515779512470885,37.136561196499486,50.0,0.4005496340427329,-15.24140544171494
413.0,-3.9105042799990173,3.897797156133301,0.7947452045700962,38.536217334363414,37.16523373031748,50.0,0.4029850976501555,-15.242352461627272
414.0,-3.9105042799990173,3.89803854641684,0.794360882841997,38.55674603774867,37.19389432189166,50.0,0.4054319471497143,-15.243296419364201
415.0,-3.9105042799990173,3.898365415902486,0.7939456987646896,38.5773630983266,37.22255576867394,50.0,0.4083337507836322,-15.24457464388682
416.0,-3.9105042799990173,3.8987181049048787,0.7935196661575856,38.598066316853306,37.25122588327537,50.0,0.41137894497049615,-15.245953835740186
417.0,-3.9105042799990173,3.8990451107196855,0.7931001167758167,38.618853533249535,37.27990576021131,50.0,0.4142983522619611,-15.247232593378573
418.0,-3.9105042799990173,3.8993031028658347,0.7927016953994864,38.63972262660042,37.30858977590174,50.0,0.41686526015106673,-15.248241472770294
419.0,-3.9105042799990173,3.899456923085516,0.79233635983367,38.66067317189635,37.33746725804673,50.0,0.41889542107224115,-15.248842987397708
420.0,-3.9105042799990173,3.899479585344176,0.7920133809084147,38.68171441128612,37.366723477961955,50.0,0.4202470524012869,-15.248931608257195
421.0,-1.9113835152596899,3.8970992667286644,0.7917393424787396,38.7027961798359,37.3916560133203,50.0,0.2013832223803121,-7.448851295755794
422.0,0.08773724947963757,3.8945583347528085,0.7915181414246354,38.723803721630134,37.4094698041053,50.0,-0.00904046314846385,0.341697836229209
423.0,2.086858014218965,3.89185432005184,0.791350987651065,38.744571593361,37.42073228622485,50.0,-0.20973618467626554,8.121747377972882
424.0,2.086858014218965,3.891245934586107,0.7912364040879629,38.764996458806536,37.42885748662866,50.0,-0.20870569021832336,8.120477763887983
425.0,2.086858014218965,3.890494044335498,0.7911702266902357,38.78505696679866,37.43665646584736,50.0,-0.2072747048558348,8.118908675692687
426.0,1.3912386761459763,3.8904046595990303,0.7911456044377614,38.804772267072906,37.44595971138864,50.0,-0.13809303649806168,5.4124814282926925
427.0,0.6956193380729877,3.8902240369109657,0.7911529993353904,38.82420227961762,37.45791878030184,50.0,-0.06891572958052435,2.706115069511632
428.0,-8.881784197001252e-16,3.889990568022832,0.7911801864129444,38.84341066104531,37.47226937243312,50.0,8.776124858823465e-17,-3.4550056753549114e-15
429.0,-8.881784197001252e-16,3.8889668539154116,0.7912122537252175,38.86243219051528,37.48736811671091,50.0,8.682352631534259e-17,-3.454096434576758e-15
430.0,-8.881784197001252e-16,3.8879915937807628,0.7912316023519752,38.88129067152636,37.50259026671324,50.0,8.594013627741661e-17,-3.453230229571569e-15
431.0,-0.3963693982028833,3.887574404351969,0.7912179463979551,38.89999976397422,37.518429478310566,50.0,0.03819275125219323,-1.5409155271219226
432.0,-1.0767498807714213,3.8876620897593708,0.7911470326187164,38.9185774633213,37.536288132555455,50.0,0.10392257626884432,-4.186039691627977
433.0,-1.9606331978379654,3.8882010309237574,0.7910044691607844,38.937085606999176,37.556652052277,50.0,0.19056680570818932,-7.62333602109692
434.0,-2.5939632694099646,3.8886447267866857,0.7908009179852888,38.95557887487473,37.57923420398811,50.0,0.2538032461699897,-10.08700158906941
435.0,-3.047764095619241,3.8890372097486128,0.7905477198332522,38.974101474689064,37.6036553254653,50.0,0.3001727311598838,-11.852867974399057
436.0,-3.3729265963624417,3.889403177450742,0.7902551664025813,38.99268761101905,37.629449309991,50.0,0.3344189634407707,-13.118671421200197
437.0,-3.6059157091694183,3.8897544246743094,0.7899325003480666,39.01136167796034,37.656123188367474,50.0,0.35994944504751264,-14.026126584744345
438.0,-3.742128149012115,3.8900598175358936,0.7895879152813831,39.030136686961725,37.68338673411756,50.0,0.37597873361139056,-14.557102344542
439.0,-3.8034760798228806,3.8903214602852167,0.7892285557710895,39.049017827023135,37.71097643156901,50.0,0.38450444415929425,-14.79674461701644
440.0,-3.8111812458615333,3.8905440342911954,0.788860517342629,39.06800765712114,37.738692782889416,50.0,0.3875343128076136,-14.827568459689074
441.0,-3.8111812458615333,3.8907634309129007,0.7884888464783285,39.08710625725405,37.76640739985481,50.0,0.38978697812531693,-14.828404619979123
442.0,-3.8111812458615333,3.890975808779923,0.7881175406173995,39.10631122844143,37.79406300384943,50.0,0.39201150260279977,-14.829214030522955
443.0,-3.8111812458615333,3.8911719980218895,0.787749548155937,39.12561769272412,37.8216734258657,50.0,0.3941617013301648,-14.829961743282576
444.0,-3.8111812458615333,3.8913461839905934,0.7873867684469206,39.14502030964121,37.84928911971156,50.0,0.3962081748507638,-14.830625597579793
445.0,-3.8111812458615333,3.891495907259993,0.7870300518002138,39.16451771281487,37.876886182491944,50.0,0.3981383091611839,-14.831196220096198
446.0,-3.8111812458615333,3.891622063626208,0.7866791994825642,39.184106728687766,37.9044544990943,50.0,0.39995627571124426,-14.831677024873164
447.0,-3.8111812458615333,3.8917289041075285,0.7863329637176035,39.20378422032087,37.931989455500286,50.0,0.40168303140401446,-14.83208421331187
448.0,-3.8111812458615333,3.8918240349444027,0.7859890476858477,39.2235472192591,37.959490194491536,50.0,0.40335631859579113,-14.832446774173269
449.0,-3.8111812458615333,3.8919184175994475,0.7856441055246965,39.24339292553191,37.98695961564994,50.0,0.4050306650961198,-14.832806483578109
450.0,-3.8111812458615333,3.892029218353413,0.7852927621517122,39.263318707652786,38.01440437535723,50.0,0.40679198012563544,-14.83322876533365
451.0,-3.8111812458615333,3.8922555833368833,0.7849011689474342,39.28332210261965,38.041834886795584,50.0,0.4091471307815085,-14.834091483313372
452.0,-3.8111812458615333,3.892581308790041,0.7844742239993666,39.30340081591464,38.069265319946965,50.0,0.41201569409897254,-14.835332882051746
453.0,-3.8111812458615333,3.892933719433269,0.7840362341553697,39.323552721504086,38.09671360159359,50.0,0.41502805361260603,-14.83667598288606
454.0,-3.8111812458615333,3.893249274318689,0.7836085300068563,39.343776201897526,38.12418848189304,50.0,0.41786074850355,-14.837878619747412
455.0,-3.8111812458615333,3.8934735668301577,0.7832094658887905,39.36407009603545,38.15166999334497,50.0,0.4202364735995149,-14.838733439160707
456.0,-3.8111812458615333,3.893561324683271,0.782854419879689,39.38443256206517,38.17913623914495,50.0,0.4219240793747823,-14.83906790024467
457.0,-3.8111812458615333,3.8934764099253587,0.7825557938016198,39.40486118509824,38.20656236189171,50.0,0.42273857195019304,-14.838744274711818
458.0,-3.8111812458615333,3.893191818935489,0.7823230132202036,39.42535297834303,38.23392051217763,50.0,0.42254111309315556,-14.837659646868486
459.0,-3.8111812458615333,3.8926896824244674,0.7821625274446123,39.44590438310496,38.26117984858854,50.0,0.42123902021764775,-14.835745913614819
460.0,-3.8111812458615333,3.891961265434835,0.7820778095275706,39.46651126878646,38.288306537703704,50.0,0.4187857663842118,-14.832969784444764
461.0,-3.8111812458615333,3.89100696734087,0.7820693562653542,39.487168932886846,38.31526375409601,50.0,0.41518098029995587,-14.829332781446084
462.0,-3.8111812458615333,3.8898363218485876,0.7821346881977916,39.50787993210906,38.34198540525938,50.0,0.4104704463185559,-14.824871239300345
463.0,-1.6188560041455213,3.885997246448327,0.7822683496082629,39.52858719152374,38.36480044358581,50.0,0.16792214745292583,-6.290869974505837
464.0,0.5734692375704906,3.8819882940569888,0.7824619085237,39.54916808879483,38.38027141033979,50.0,-0.05707532042992059,2.226200867250431
465.0,2.765794479286503,3.8778464013758,0.782703956714587,39.56947543302101,38.38831327330854,50.0,-0.2631444481897991,10.725326168446221
466.0,2.765794479286503,3.8760883899851364,0.7829801096949601,39.589370723992204,38.392913379083154,50.0,-0.2575183676024252,10.7204638702474
467.0,2.765794479286503,3.874298714702284,0.7832730067224072,39.60884534007096,38.39780101602065,50.0,-0.25175840060388327,10.71551399623037
468.0,2.765794479286503,3.872541715223678,0.783562310798068,39.6279185237849,38.40303745831051,50.0,-0.24609874553054834,10.710654496772333
469.0,2.765794479286503,3.8708922814228437,0.7838240950527666,39.64660831611002,38.408606295228935,50.0,-0.2408127091838426,10.706092501872037
470.0,2.765794479286503,3.8694214217346903,0.7840333842358315,39.66492966699553,38.4143096109093,50.0,-0.2361657627114474,10.702024406266737
471.0,2.765794479286503,3.868125041532477,0.7841903262977931,39.68290087730492,38.42071709266736,50.0,-0.23214617201656912,10.6984388850604
472.0,1.8438629861910016,3.8680253180143933,0.7842998256669615,39.700556044360894,38.42872478415501,50.0,-0.1543783363400437,7.132108713536418
473.0,0.9219314930955006,3.8680677376693566,0.7843663798520707,39.717945161098555,38.43901197347503,50.0,-0.07716691778660922,3.566093464784045
474.0,-5.921189464667501e-16,3.8682381466551696,0.7843940794422786,39.735132473843066,38.45183690373335,50.0,4.964566074558326e-17,-2.2904570960799532e-15
475.0,-5.921189464667501e-16,3.867484717213081,0.7843866081071665,39.752165286514696,38.46606652420138,50.0,4.920396481717192e-17,-2.2900109762324667e-15
476.0,-5.921189464667501e-16,3.866834998045945,0.7843472425967403,39.769064559018716,38.48056394359065,50.0,4.8842562852988843e-17,-2.2896262652037225e-15
477.0,-5.921189464667501e-16,3.8662788639400603,0.7842788527414291,39.78583845581602,38.4948857638945,50.0,4.855376024119417e-17,-2.289296967662852e-15
478.0,-5.921189464667501e-16,3.8658075325578936,0.7841839014520859,39.80248323209162,38.50912587853071,50.0,4.833089845716041e-17,-2.2890178834214067e-15
479.0,-5.921189464667501e-16,3.8654135644380765,0.7840644447199882,39.818998949325135,38.523278512740035,50.0,4.8168355063470875e-17,-2.288784607433359e-15
480.0,-0.35203636372468544,3.8654876079773235,0.7839221316168363,39.83540166961757,38.53823173737061,50.0,0.028714013703416988,-1.3607922015351694
481.0,-0.9563178045186499,3.865912444686537,0.7837582042947553,39.85171681838813,38.55467576152665,50.0,0.07856556280336432,-3.697040901563956
482.0,-1.741340740970852,3.8666040791965965,0.7835734979862934,39.867978801553704,38.57292810134379,50.0,0.1445845338079863,-6.73307521230912
483.0,-2.3038342544574326,3.8671059572255078,0.7833684410044232,39.88423099852912,38.59293345708471,50.0,0.19291735825331477,-8.909171169872524
484.0,-2.7068784688652276,3.8674884449923517,0.7831430547425408,39.900513984888164,38.61425925480739,50.0,0.22831272081524256,-10.468821200334856
485.0,-2.995672268034028,3.8678030994348434,0.7828969536744662,39.91684707396951,38.63653189045135,50.0,0.25435098624001046,-11.586670483193021
486.0,-3.2026020674380327,3.8680883807150126,0.7826293453544433,39.93324516386002,38.65951662687206,50.0,0.27369128332701353,-12.387947845110931
487.0,-3.350873747801755,3.868373745408397,0.7823390304171399,39.94972008588854,38.68301711897732,50.0,0.2882914678638019,-12.962432030174547
488.0,-3.4571150492537512,3.8686757142465145,0.7820266002477695,39.96628060462632,38.706875413727175,50.0,0.29955595600955787,-13.37445703240413
489.0,-3.533240268220215,3.868962204030417,0.7817065447409527,39.98293241788656,38.73097195013395,50.0,0.308295209031632,-13.669973055502304
490.0,-3.5877863711339724,3.869232859869814,0.7813820200976428,39.99967815672471,38.75522555926216,50.0,0.3151900456272627,-13.881980921384642
491.0,-3.626870361741459,3.8694938327254422,0.7810532329095728,40.016517385438476,38.77959346422875,50.0,0.3207625902468069,-14.034152496853268
492.0,-3.6548752647538953,3.8697493060685684,0.7807203973055737,40.03344734870518,38.804061237195924,50.0,0.3253895564858935,-14.14345101954856
493.0,-3.6749416546118883,3.8700020498339,0.7803837349515743,40.050468116644026,38.828609844685786,50.0,0.32934207837717683,-14.222031736367992
494.0,-3.6893198512353202,3.8702538173442034,0.7800434750506013,40.067580346375735,38.85325080459506,50.0,0.33281480661051177,-14.278604237647247
495.0,-3.7662128068054184,3.870580677243699,0.7796998543427797,40.084784325606904,38.877993732749246,50.0,0.34227651910245055,-14.577430516408809
496.0,-3.8384857326324546,3.870906159247548,0.7793531171053321,40.10208008308729,38.90284276249423,50.0,0.35142504604198777,-14.858418064630806
497.0,-3.907448262492805,3.8712309166399312,0.7790035151525792,40.119467388609735,38.92779654469615,50.0,0.36037379969597333,-15.126634518933127
498.0,-3.907448262492805,3.8714801234977623,0.7786513078359397,40.136945753010195,38.952848247741485,50.0,0.362723794467046,-15.12760828183676
499.0,-3.907448262492805,3.8717306513289063,0.7782967620439304,40.154514428167886,38.977985557536954,50.0,0.36508808834451756,-15.12858720637527
500.0,-3.907448262492805,3.8719816375749763,0.7779401522021657,40.17217240700501,39.00319067750968,50.0,0.36746223862222455,-15.129567922146386
501.0,-3.907448262492805,3.8722322063824843,0.7775817602733585,40.189918423486915,39.02844032860696,50.0,0.36984172119326536,-15.130547006797919
502.0,-3.907448262492805,3.872481468602841,0.777221875757319,40.207750952622234,39.05370574929657,50.0,0.37222193054999997,-15.131520986027757
503.0,-3.907448262492805,3.872728521792358,0.776860795690956,40.225668208752666,39.07895277587352,50.0,0.37459817978405346,-15.132486333583879
504.0,-3.907448262492805,3.8729724502122473,0.7764988246482759,40.24366752492176,39.10418024395227,50.0,0.37696570058631423,-15.133439471264348
505.0,-3.907448262492805,3.8732123248286174,0.776136274740383,40.26174629110426,39.129406794583645,50.0,0.379319643246929,-15.1343767689173
506.0,-3.907448262492805,3.8734472033124794,0.77577346561548,40.27990246121129,39.15463242417417,50.0,0.3816550766553113,-15.135294544440962
507.0,-3.907448262492805,3.873676130039743,0.7754107244588672,40.29813402820298,39.179857132256814,50.0,0.3839669883001379,-15.136189063783647
508.0,-3.907448262492805,3.8738981360912175,0.7750483859929429,40.31643902408831,39.205080921490776,50.0,0.386250284269344,-15.137056540943743
509.0,-3.907448262492805,3.8741129818119213,0.7746865532615833,40.3348155199252,39.23030379766169,50.0,0.38850362548487677,-15.137896039481811
510.0,-3.907448262492805,3.8743222082699966,0.7743247524965376,40.35326162582044,39.2555257696813,50.0,0.3907348848156951,-15.138713581041886
511.0,-3.907448262492805,3.8745259687446585,0.7739629517314921,40.37177549092985,39.2807468495879,50.0,0.3929447860991236,-15.139509764554568
512.0,-3.907448262492805,3.8747243163563185,0.7736011509664464,40.39035530345808,39.305967052545896,50.0,0.39513353690042047,-15.140284797585117
513.0,-3.907448262492805,3.8749173037566207,0.7732393502014008,40.4089992906587,39.33118639684608,50.0,0.39730134295316033,-15.141038885867111
514.0,-3.907448262492805,3.8751049831284403,0.7728775494363552,40.42770571883426,39.35640490390563,50.0,0.39944840815922894,-15.141772233302435
515.0,-3.907448262492805,3.8752874061858837,0.7725157486713096,40.446472893336136,39.381622598267995,50.0,0.4015749345888211,-15.14248504196128
516.0,-3.907448262492805,3.875464624174291,0.7721539479062639,40.46529915856473,39.4068395076028,50.0,0.4036811224804515,-15.143177512082165
517.0,-3.907448262492805,3.8756366878702315,0.7717921471412182,40.484182897969276,39.43205566270615,50.0,0.4057671702409389,-15.143849842071905
518.0,-3.907448262492805,3.8758036475815083,0.7714303463761727,40.503122533544115,39.45727108824542,50.0,0.4078332744454199,-15.14450222850564
519.0,-3.907448262492805,3.8759655531471555,0.771068545611127,40.522116601291884,39.48248580831819,50.0,0.4098796298373422,-15.145134866126815
520.0,-3.907448262492805,3.8761224539374384,0.7707067448460814,40.541163728731476,39.50769982894781,50.0,0.41190642932846294,-15.145747947847191
521.0,-3.907448262492805,3.8762743988538553,0.7703449440810358,40.56026255982988,39.53291308608726,50.0,0.41391386399885527,-15.146341664746839
522.0,-3.907448262492805,3.8764214363291343,0.7699831433159902,40.57941175367762,39.55812544443387,50.0,0.4159021230969035,-15.146916206074138
523.0,-3.907448262492805,3.876563614327239,0.7696213425509445,40.59860998448852,39.5833366974295,50.0,0.4178713940393064,-15.147471759245796
524.0,-3.907448262492805,3.87670098034336,0.7692595417858988,40.61785594159994,39.60854656726036,50.0,0.419821862411072,-15.148008509846814
525.0,-3.907448262492805,3.876833581403923,0.7688977410208533,40.637148329472666,39.633754704856926,50.0,0.4217537119655195,-15.148526641630518
526.0,-3.907448262492805,3.876961464066585,0.7685359402558076,40.65648586769089,39.658960689894286,50.0,0.4236671246242858,-15.149026336518538
527.0,-3.907448262492805,3.8770846744202334,0.768174139490762,40.67586729096223,39.684164030791806,50.0,0.4255622804773173,-15.149507774600822
528.0,-3.907448262492805,3.877203258084988,0.7678123387257163,40.69529134911778,39.70936416471318,50.0,0.42743935778286807,-15.149971134135628
529.0,-3.907448262492805,3.8773172602122012,0.7674505379606708,40.71475680711205,39.734560457566715,50.0,0.429298532967515,-15.150416591549527
530.0,-3.907448262492805,3.8774267254844568,0.7670887371956251,40.734262445023035,39.75975220400488,50.0,0.4311399806261394,-15.150844321437406
531.0,-3.907448262492805,3.8773795780085156,0.7667773751094803,40.75381007027232,39.785250135188164,50.0,0.43217238554570403,-15.150660095114459
532.0,-3.907448262492805,3.876886433154258,0.7666131748608089,40.773402859512146,39.81045112959498,50.0,0.43088705151815115,-15.148733157110533
533.0,-2.1876432173992346,3.8741070125899513,0.7665650016371048,40.792991487522045,39.83174388825131,50.0,0.23526355084646433,-8.475163929571218
534.0,-0.46783817230566466,3.8710802098039503,0.7666006442569956,40.81247610621972,39.84717018569489,50.0,0.048879528988776295,-1.8110390902033089
535.0,1.2519668727879054,3.867894029824147,0.7666919070140519,40.83171701170784,39.85689142605156,50.0,-0.1267017052140497,4.8424751927939464
536.0,1.2519668727879054,3.8665620297896046,0.7668146096767874,40.85062817406367,39.863683128068374,50.0,-0.12488046562730298,4.840807572876147
537.0,1.2519668727879054,3.865208658093101,0.7669485874886592,40.86918724138906,39.87022840514243,50.0,-0.12301835331455936,4.839113196345556
538.0,1.2519668727879054,3.863883915238588,0.7670776911680676,40.88740194886179,39.877397999377536,50.0,-0.12119818561597234,4.837454662176743
539.0,1.2519668727879054,3.862625133555371,0.7671897869083556,40.90529767908333,39.88457676053707,50.0,-0.11948189249509172,4.835878709209283
540.0,1.2519668727879054,3.861456977198109,0.7672767563778099,40.922882647836275,39.89201960773363,50.0,-0.117910516538862,4.834416216147755
541.0,0.8346445818586036,3.860861764368693,0.76733449671966,40.94017811149877,39.90038607519489,50.0,-0.07806202719930343,3.222447352935378
542.0,0.41732229092930173,3.8603685006506123,0.7673629205520788,40.95721412549682,39.91004338721348,50.0,-0.038813301755927905,1.6110178265228272
543.0,-1.4802973661668753e-16,3.859963845674588,0.767365955968182,40.97402901760552,39.92104220096394,50.0,1.3707241224500087e-17,-5.713894314251456e-16
544.0,-1.4802973661668753e-16,3.8591514686748165,0.7673515465360289,40.99065378336451,39.93274080196045,50.0,1.3589118295636876e-17,-5.712691754718359e-16
545.0,-1.4802973661668753e-16,3.8583630151546036,0.7673316512986218,41.007094281061825,39.94453021200519,50.0,1.3475348815458582e-17,-5.711524609049043e-16
546.0,-1.4802973661668753e-16,3.8575481165083345,0.7673219288819952,41.02336009279816,39.956380027711305,50.0,1.3356158790254572e-17,-5.710318316729279e-16
547.0,-0.4243396555386505,3.857330770324133,0.7672745227764118,41.03946833745459,39.968811497990316,50.0,0.038214437063502665,-1.63681841037798
548.0,-1.1527319605888404,3.857686017737574,0.7671530272854448,41.05544367256425,39.98289752171104,50.0,0.10436027158185117,-4.4468779665627896
549.0,-2.0989875090769665,3.8584804491790847,0.7669686318001875,41.071334023927136,39.99977118913921,50.0,0.19208216161123381,-8.098902266844583
550.0,-2.7770092373728836,3.859133045704496,0.7667315845585613,41.08720390611251,40.019109663309905,50.0,0.25659971114900676,-10.716848116172336
551.0,-3.262833034946263,3.8596993987632464,0.7664511926453148,41.103100593123884,40.040297648586545,50.0,0.30425332737105965,-12.59355470324695
552.0,-3.610940997329451,3.860213895234474,0.7661358219920241,41.11905964650498,40.062830859769065,50.0,0.33971037162091905,-13.939004612762975
553.0,-3.860371251837048,3.8606966032006045,0.765792897377093,41.13510491533947,40.08631602209397,50.0,0.3663635376538775,-14.903722179060557
554.0,-4.03909583899613,3.861158205819718,0.7654289024257523,41.15125072383836,40.11047212143512,50.0,0.38665983100855683,-15.595588042832185
555.0,-4.167157601664987,3.8616035365995907,0.7650493796100609,41.16750718544199,40.13513089125075,50.0,0.4023563892712655,-16.09191053215738
556.0,-4.258917864304493,3.86203411253223,0.7646589302489045,41.18388037680495,40.16017186927019,50.0,0.41471290336635486,-16.448086074416864
557.0,-4.324666965552173,3.86244994916409,0.7642612145079969,41.20037465194082,40.18549528073311,50.0,0.42463357715656463,-16.70380970124861
558.0,-4.3717782552382225,3.8628508611507018,0.763858951399879,41.21699267923327,40.21102192581708,50.0,0.4327706784931426,-16.88752739800688
559.0,-4.405534969379788,3.8632373941447993,0.7634539187839193,41.23373544143601,40.23669317963777,50.0,0.4395995900685953,-17.01962743492056
560.0,-4.42972271200431,3.8636114925233294,0.7630469533663137,41.25060223567283,40.26247099224878,50.0,0.4454730231260698,-17.11472757879146
561.0,-4.447053986926879,3.863976977834766,0.7626379507000857,41.267590165368006,40.28829477305379,50.0,0.45066012465056454,-17.18331422467377
562.0,-4.459472388061063,3.8643310090569463,0.7622287709411717,41.28469806945225,40.31415117300992,50.0,0.4553221116365246,-17.2328774332176
563.0,-4.468370561300971,3.8645952729053397,0.7618458056564779,41.30192735094647,40.34015646578928,50.0,0.45912269464416344,-17.268443748793114
564.0,-4.474746381034275,3.8647638781949687,0.7614915905609497,41.31927183024038,40.366066978071956,50.0,0.46211729535144863,-17.293838177504924
565.0,-3.9995314203573282,3.864312568364247,0.7611612230509056,41.33671717793118,40.39124788175076,50.0,0.4125570466328307,-15.455439535254532
566.0,-3.5222677690430415,3.863796146519808,0.7608502032832744,41.35423927771751,40.4146973076044,50.0,0.36260317781577134,-13.609324633039424
567.0,-3.0435361667414207,3.8632283319426177,0.7605544341755954,41.37179228910634,40.436213035851324,50.0,0.31249172123423813,-11.757875148647488
568.0,-3.0435361667414207,3.8631620799325352,0.7602702214060192,41.389348066660375,40.456878896337116,50.0,0.3131550926886882,-11.757673508258682
569.0,-3.0435361667414207,3.8630683359929923,0.7599942734133062,41.406893492057634,40.477450941438235,50.0,0.31370963731423807,-11.75738819518827
570.0,-3.0435361667414207,3.8629562817591383,0.7597237013968281,41.424425924888396,40.4982227870056,50.0,0.31419209191872516,-11.757047154074899
571.0,-3.0435361667414207,3.862833804482043,0.759456019316567,41.44195285508522,40.51903513435502,50.0,0.3146340279887449,-11.756674390052455
572.0,-3.0435361667414207,3.8627074970286994,0.7591891438931158,41.45947607237315,40.53976677149922,50.0,0.3150618516896536,-11.756289968750076
573.0,-3.0435361667414207,3.862582657882026,0.7589213946076778,41.476992557652636,40.560477325843465,50.0,0.31549680386557655,-11.75591001629215
574.0,-3.0435361667414207,3.8624632911408585,0.7586514937020674,41.49450203345668,40.58116747184374,50.0,0.315954960039389,-11.7555467192983
575.0,-3.0435361667414207,3.8623521065199595,0.7583785661787091,41.51200425113154,40.60183816113397,50.0,0.3164472304127379,-11.755208324883409
576.0,-3.0435361667414207,3.8622505193500123,0.7581021398006386,41.52949899083666,40.62249062252573,50.0,0.3169793598660257,-11.754899140657598
577.0,-3.0435361667414207,3.8621586505776238,0.7578221450915018,41.54698606154466,40.643126362008616,50.0,0.317551927958421,-11.754619534726238
578.0,-3.0435361667414207,3.8620753267653227,0.7575389153355556,41.564464931207226,40.663740316885026,50.0,0.318160348927852,-11.75436593568995
579.0,-3.0435361667414207,3.8619980800915603,0.7572531865776675,41.58193539698152,40.68433355576434,50.0,0.31879487169100623,-11.754130832644593
580.0,-3.0435361667414207,3.861923148350711,0.7569660976233153,41.59939774376522,40.70491525053319,50.0,0.3194405798433363,-11.753902775181281
581.0,-3.0435361667414207,3.8618454749530704,0.7566791900385881,41.61685220375375,40.72549225364554,50.0,0.32007739165905424,-11.75366637338637
582.0,-3.0435361667414207,3.8617587089248593,0.756394408150185,41.63429895644066,40.74606909812229,50.0,0.32068006009113686,-11.753402297841465
583.0,-3.0435361667414207,3.861703098158463,0.756098110519202,41.651738128617126,40.76664799755139,50.0,0.32141259926836635,-11.753233044462677
584.0,-3.0435361667414207,3.861748825287776,0.7557667828422346,41.66916979437235,40.78722884608794,50.0,0.32256017920812263,-11.753372216634542
585.0,-3.0435361667414207,3.861829399661745,0.75542269874508,41.6865939750935,40.80780921845417,50.0,0.32385264262350316,-11.753617447655829
586.0,-3.0435361667414207,3.861883167645982,0.7550865721413723,41.704010639465594,40.828384369939215,50.0,0.32503930090312855,-11.753781092460468
587.0,-3.0435361667414207,3.8618590656863816,0.7547756341564769,41.72141970347138,40.848947236399454,50.0,0.3259122967200376,-11.753707737274734
588.0,-3.0435361667414207,3.8617166203091244,0.7545036331274897,41.73882103039182,40.8694884342583,50.0,0.32630660403168427,-11.753274199617266
589.0,-3.0435361667414207,3.861425948120677,0.7542808346032377,41.75621443080547,40.88999626050611,50.0,0.32610002807993677,-11.752389528299062
590.0,-3.0435361667414207,3.8609677558077906,0.7541140213442789,41.773600313173006,40.91054372868007,50.0,0.3252132053910772,-11.75099500342347
591.0,-3.0435361667414207,3.8603333401375033,0.7540064933229019,41.79098638261155,40.93143897898949,50.0,0.32360960377580833,-11.749064136386203
592.0,-1.6109294698098389,3.8579100402096933,0.7539580677231263,41.80834000858982,40.94930173076415,50.0,0.16745929592346906,-6.214820975649055
593.0,-0.17832277287825704,3.8553248806994116,0.7539650789407027,41.82558042292885,40.96199948562139,50.0,0.01807476090800306,-0.6874922230728546
594.0,1.2542839240533248,3.8526009286145517,0.7540203785831127,41.84259035590185,40.97003365030616,50.0,-0.12364799912876585,4.832255410554143
595.0,1.2542839240533248,3.8513863887907323,0.7541133354695682,41.85929898228011,40.9758477819521,50.0,-0.12200802702431549,4.830732032778004
596.0,1.2542839240533248,3.850110960648976,0.7542298356310124,41.87569189897488,40.98144921562391,50.0,-0.12026215373017635,4.8291322837635136
597.0,1.2542839240533248,3.848829481438032,0.7543522823101195,41.891778047628236,40.98760674881038,50.0,-0.11850123205572297,4.827524944990218
598.0,0.8361892827022159,3.848078571147737,0.7544595959612945,41.9075840084231,40.99445461432606,50.0,-0.07828318370846639,3.2177220601897942
599.0,0.418094641351107,3.8474630545266093,0.7545272142506732,41.9231395266699,41.00268972434327,50.0,-0.03885597680883055,1.6086036858939374
